kaiyi,recorded,1618238854645
kaiyi,recorded,1618238859695
kaiyi,recorded,1618295805985
kaiyi,live,1622184525927
kaiyi,live,1622184525945
kaiyi,live,1622184525946
kaiyi,live,1622207331861
kaiyi,live,1622207344334
test,live,1622207657890
test,live,1622216914416
kaiyi,recorded,1618238738772
kaiyi,recorded,1618238859696
kaiyi,recorded,1618238859696
kaiyi,recorded,1618238859696
kaiyi,recorded,1618238859696
kaiyi,recorded,1618238738772
kaiyi,recorded,1618238738772
kaiyi,recorded,1618238738772
kaiyi,recorded,1618238738772
kaiyi,recorded,1618238738772
